{"name":"cfe93d8c-c4e7-4cef-9e6f-a12c24babaf2","id":"/providers/Microsoft.Flow/flows/cfe93d8c-c4e7-4cef-9e6f-a12c24babaf2","type":"Microsoft.Flow/flows","properties":{"apiId":"/providers/Microsoft.PowerApps/apis/shared_logicflows","displayName":"Invoice Generator","definition":{"metadata":{"workflowEntityId":null,"processAdvisorMetadata":null,"flowChargedByPaygo":null,"flowclientsuspensionreason":"None","flowclientsuspensiontime":null,"flowclientsuspensionreasondetails":null,"creator":{"id":"e1877707-0926-4858-8554-229607a24598","type":"User","tenantId":"3a50c122-3d4a-4777-a5de-9c039230e77e"},"provisioningMethod":"FromDefinition","failureAlertSubscription":true,"clientLastModifiedTime":"2025-03-16T15:54:29.1743054Z","connectionKeySavedTimeKey":"2025-03-16T15:54:29.1743054Z","creationSource":"Portal","modifiedSources":"Portal"},"$schema":"https://schema.management.azure.com/providers/Microsoft.Logic/schemas/2016-06-01/workflowdefinition.json#","contentVersion":"1.0.0.0","parameters":{"$authentication":{"defaultValue":{},"type":"SecureObject"},"$connections":{"defaultValue":{},"type":"Object"}},"triggers":{"When_an_item_is_created":{"recurrence":{"frequency":"Minute","interval":5},"splitOn":"@triggerOutputs()?['body/value']","type":"OpenApiConnection","inputs":{"parameters":{"dataset":"https://digitaltask832.sharepoint.com/sites/ServiceDesk","table":"fd985662-b026-4bcb-8e41-4997dd5406ef"},"host":{"apiId":"/providers/Microsoft.PowerApps/apis/shared_sharepointonline","connectionName":"shared_sharepointonline","operationId":"GetOnNewItems"},"authentication":"@parameters('$authentication')"}}},"actions":{"Get_items_-_Get_Tasks_Related_to_Invoice":{"runAfter":{},"type":"OpenApiConnection","inputs":{"parameters":{"dataset":"https://digitaltask832.sharepoint.com/sites/ServiceDesk","table":"498bdbbc-8684-4449-98ee-46634e6ce145","$filter":"FormID0 eq  '@{triggerBody()?['ID']}'"},"host":{"apiId":"/providers/Microsoft.PowerApps/apis/shared_sharepointonline","connectionName":"shared_sharepointonline","operationId":"GetItems"},"authentication":"@parameters('$authentication')"}},"Initialize_variable_-_TableVar_HTML":{"runAfter":{"Get_file_content_using_path_-_Company_Logo":["Succeeded"]},"type":"InitializeVariable","inputs":{"variables":[{"name":"TableVar","type":"string"}]}},"Initialize_variable_-_DataURI":{"runAfter":{"Initialize_variable_-_TableVar_HTML":["Succeeded"]},"type":"InitializeVariable","inputs":{"variables":[{"name":"dataUri","type":"string","value":"@dataUri(body('Get_file_content_using_path_-_Company_Logo'))"}]}},"Get_file_content_using_path_-_Company_Logo":{"runAfter":{"Get_items_-_Get_Tasks_Related_to_Invoice":["Succeeded"]},"type":"OpenApiConnection","inputs":{"parameters":{"dataset":"https://digitaltask832.sharepoint.com/sites/ServiceDesk","path":"/Freigegebene Dokumente/Logo-tras.png","inferContentType":true},"host":{"apiId":"/providers/Microsoft.PowerApps/apis/shared_sharepointonline","connectionName":"shared_sharepointonline","operationId":"GetFileContentByPath"},"authentication":"@parameters('$authentication')"}},"Apply_to_each_-__Create_HTML_Table_of_Invoice_Tasks":{"foreach":"@outputs('Get_items_-_Get_Tasks_Related_to_Invoice')?['body/value']","actions":{"Append_to_string_variable":{"type":"AppendToStringVariable","inputs":{"name":"TableVar","value":"<tr>\n    <td id=\"td2\">@{item()?['Title']}</th>\n    <td id=\"td1\">@{item()?['Quantity']}</th>\n    <td id=\"td1\">@{item()?['Amount']}</th>\n</tr>"}}},"runAfter":{"Initialize_variable_-_DataURI":["Succeeded"]},"type":"Foreach"},"Convert_file_using_path_-_Generate_PDF":{"runAfter":{"Create_file_-_Create_HTML_for_conversion":["Succeeded"]},"type":"OpenApiConnection","inputs":{"parameters":{"path":"@outputs('Create_file_-_Create_HTML_for_conversion')?['body/Path']","type":"PDF"},"host":{"apiId":"/providers/Microsoft.PowerApps/apis/shared_onedrive","connectionName":"shared_onedrive","operationId":"ConvertFileByPath"},"authentication":"@parameters('$authentication')"}},"Create_file_-_Create_HTML_for_conversion":{"runAfter":{"Apply_to_each_-__Create_HTML_Table_of_Invoice_Tasks":["Succeeded"]},"type":"OpenApiConnection","inputs":{"parameters":{"folderPath":"/Dokumente/PDF Flow","name":"NewForm.html","body":"@concat('<!DOCTYPE html>\r\n<html>\r\n<head>\r\n    <style>\r\n        body {\r\n            font-family: Arial, sans-serif;\r\n            max-width: 800px;\r\n            margin: auto;\r\n            padding: 20px;\r\n            background-color: #f3f3f1;\r\n        }\r\n        .invoice-container {\r\n            background: #f9f9f9;\r\n            padding: 30px;\r\n            border-radius: 10px;\r\n            box-shadow: 0 0 10px rgba(0, 0, 0, 0.1);\r\n        }\r\n        h1 {\r\n            text-align: right;\r\n            font-size: 24px;\r\n        }\r\n        .header {\r\n            display: flex;\r\n            justify-content: space-between;\r\n            align-items: center;\r\n            margin-bottom: 20px;\r\n        }\r\n        .recipient-section {\r\n            display: flex;\r\n            justify-content: space-between;\r\n            align-items: flex-start;\r\n            margin-bottom: 20px;\r\n        }\r\n        .recipient, .invoice-info {\r\n            width: 45%;\r\n        }\r\n        .invoice-info {\r\n            text-align: right;\r\n        }\r\n        .details, .total-section {\r\n            width: 100%;\r\n            border-collapse: collapse;\r\n        }\r\n        .details th, .details td {\r\n            border-bottom: 1px solid #ddd;\r\n            padding: 10px;\r\n            text-align: left;\r\n        }\r\n        .details th {\r\n            background: #eaeaea;\r\n        }\r\n        .total-section {\r\n            margin-top: 10px;\r\n            text-align: right;\r\n            background-color: #f9f9f9;\r\n            padding: 5px;\r\n            border-radius: 5px;\r\n        }\r\n        .total-section td {\r\n            font-weight: bold;\r\n            padding: 10px;\r\n        }\r\n        .footer-section {\r\n            display: flex;\r\n            justify-content: space-between;\r\n            align-items: center;\r\n            margin-top: 30px;\r\n            background-color: #f3f3f1;\r\n            padding: 20px;\r\n            border-radius: 10px;\r\n        }\r\n        .thank-you {\r\n            font-size: 18px;\r\n            font-weight: bold;\r\n        }\r\n        .bank-info, .sender-info {\r\n            width: 45%;\r\n        }\r\n        .sender-info {\r\n            text-align: right;\r\n            align-self: flex-start;\r\n        }\r\n    </style>\r\n</head>\r\n<body>\r\n    <div class=\"invoice-container\">\r\n        <div class=\"header\">\r\n            <div>\r\n                <h2>&amp;</h2>\r\n            </div>\r\n            <div>\r\n                <h1>RECHNUNG</h1>\r\n            </div>\r\n        </div>\r\n\r\n        <div class=\"recipient-section\">\r\n            <div class=\"recipient\">\r\n                <p><strong>RECHNUNGSEMPFÄNGER:</strong><br>\r\n                    ', replace(triggerOutputs()?['body/Address'], decodeUriComponent('%0A'), '<br>'), '</p>\r\n            </div>\r\n            <div class=\"invoice-info\">\r\n                <p><strong>Rechnung Nr.</strong> ', triggerOutputs()?['body/Title'], '<br>\r\n                   <strong>Customer Number:</strong> ', triggerOutputs()?['body/CustomerNumber'], '<br>\r\n                   <strong>E-Mail:</strong> ', triggerOutputs()?['body/E_x002d_Mail'], '<br>\r\n                   <strong>Create Date:</strong> ', formatDateTime(triggerOutputs()?['body/Date'], 'dd/MM/yyyy'), '<br>\r\n                   <strong>Due Date:</strong> ', formatDateTime(triggerOutputs()?['body/DueDate'], 'dd/MM/yyyy'), '</p>\r\n            </div>\r\n        </div>\r\n\r\n        <table class=\"details\">\r\n            <tr>\r\n                <th>Artikel</th>\r\n                <th>Anzahl</th>\r\n                <th>Stk.-Preis</th>\r\n                <th>Summe</th>\r\n            </tr>\r\n            ', variables('TableVar'), '\r\n        </table>\r\n\r\n        <table class=\"total-section\">\r\n            <tr>\r\n                <td><strong>Zwischensumme:</strong></td>\r\n                <td>', triggerOutputs()?['body/Subtotal'], ' €</td>\r\n            </tr>\r\n            <tr>\r\n                <td><strong>Steuer (19 %):</strong></td>\r\n                <td>', triggerOutputs()?['body/Tax_x0028_19_x0025__x0029_'], ' €</td>\r\n            </tr>\r\n            <tr>\r\n                <td><strong>Summe:</strong></td>\r\n                <td><strong>', triggerOutputs()?['body/Total'], ' €</strong></td>\r\n            </tr>\r\n        </table>\r\n\r\n        <div class=\"footer-section\">\r\n            <div class=\"bank-info\">\r\n                <p class=\"thank-you\">Vielen Dank!</p>\r\n                <p><strong>ZAHLUNGSINFORMATION</strong><br>\r\n                    Deutsche Bank<br>\r\n                    Kontoname: Ismail Ouabi <br>\r\n                    Kontonummer: 123-456-7890<br>\r\n                    bis spätestens ', formatDateTime(triggerOutputs()?['body/DueDate'], 'dd/MM/yyyy'), '</p>\r\n            </div>\r\n            <div class=\"sender-info\">\r\n                <p><strong>Ismail Ouabi</strong><br>\r\n                    Auf Der Platte 1, Gummersbach 51643, Germany</p>\r\n            </div>\r\n        </div>\r\n    </div>\r\n</body>\r\n</html>\r\n\r\n\r\n')"},"host":{"apiId":"/providers/Microsoft.PowerApps/apis/shared_onedrive","connectionName":"shared_onedrive","operationId":"CreateFile"},"authentication":"@parameters('$authentication')"},"runtimeConfiguration":{"contentTransfer":{"transferMode":"Chunked"}}},"For_each":{"foreach":"@outputs('Get_items_-_Get_Tasks_Related_to_Invoice')?['body/value']","actions":{"Send_an_email_(V2)":{"type":"OpenApiConnection","inputs":{"parameters":{"emailMessage/To":"@triggerBody()?['E_x002d_Mail']","emailMessage/Subject":"Invoice Number: @{triggerBody()?['Title']}","emailMessage/Body":"<p class=\"editor-paragraph\">Hello ,<br><br>Please find attached invoice.<br>Due Date for the in invoise is: @{triggerBody()?['DueDate']}.<br><br>Kind Regards.</p>","emailMessage/Attachments":[{"Name":"@{triggerBody()?['Title']}.pdf","ContentBytes":"@body('Convert_file_using_path_-_Generate_PDF')"}],"emailMessage/Importance":"Normal"},"host":{"apiId":"/providers/Microsoft.PowerApps/apis/shared_office365","connectionName":"shared_office365","operationId":"SendEmailV2"},"authentication":"@parameters('$authentication')"}}},"runAfter":{"Create_file":["Succeeded"]},"type":"Foreach"},"Create_file":{"runAfter":{"Convert_file_using_path_-_Generate_PDF":["Succeeded"]},"type":"OpenApiConnection","inputs":{"parameters":{"folderPath":"/Dokumente/All Invoices","name":"@{triggerBody()?['Title']}.pdf","body":"@body('Convert_file_using_path_-_Generate_PDF')"},"host":{"apiId":"/providers/Microsoft.PowerApps/apis/shared_onedrive","connectionName":"shared_onedrive","operationId":"CreateFile"},"authentication":"@parameters('$authentication')"},"runtimeConfiguration":{"contentTransfer":{"transferMode":"Chunked"}}}},"outputs":{}},"connectionReferences":{"shared_sharepointonline":{"connectionName":"shared-sharepointonl-854fbae8-7a1a-4e73-98ee-7a394d84759c","source":"Embedded","id":"/providers/Microsoft.PowerApps/apis/shared_sharepointonline","tier":"NotSpecified","apiName":"sharepointonline"},"shared_onedrive":{"connectionName":"shared-onedrive-0edd7cd9-95b6-42a5-82b3-350c322fc6f1","source":"Embedded","id":"/providers/Microsoft.PowerApps/apis/shared_onedrive","tier":"NotSpecified","apiName":"onedrive"},"shared_office365":{"connectionName":"shared-office365-891b7f38-fb55-49d2-98b8-61dff02955c9","source":"Embedded","id":"/providers/Microsoft.PowerApps/apis/shared_office365","tier":"NotSpecified","apiName":"office365"}},"flowFailureAlertSubscribed":false,"isManaged":false}}