{"name":"1252f164-d062-4162-894d-066af10ff202","id":"/providers/Microsoft.Flow/flows/1252f164-d062-4162-894d-066af10ff202","type":"Microsoft.Flow/flows","properties":{"apiId":"/providers/Microsoft.PowerApps/apis/shared_logicflows","displayName":"Sort PDFs","definition":{"metadata":{"workflowEntityId":null,"processAdvisorMetadata":null,"flowChargedByPaygo":null,"flowclientsuspensionreason":"None","flowclientsuspensiontime":null,"flowclientsuspensionreasondetails":null,"creator":{"id":"e1877707-0926-4858-8554-229607a24598","type":"User","tenantId":"3a50c122-3d4a-4777-a5de-9c039230e77e"},"provisioningMethod":"FromDefinition","failureAlertSubscription":true,"clientLastModifiedTime":"2025-03-24T04:28:35.9001543Z","connectionKeySavedTimeKey":"2025-03-24T04:28:35.9001543Z","creationSource":"Portal","modifiedSources":"Portal"},"$schema":"https://schema.management.azure.com/providers/Microsoft.Logic/schemas/2016-06-01/workflowdefinition.json#","contentVersion":"undefined","parameters":{"$authentication":{"defaultValue":{},"type":"SecureObject"},"$connections":{"defaultValue":{},"type":"Object"}},"triggers":{"manual":{"type":"Request","kind":"Button","inputs":{"schema":{"type":"object","properties":{},"required":[]}}}},"actions":{"List_files_in_folder":{"runAfter":{},"metadata":{"EA56F7E574628591!s71fe5bac43214f28a21751bfc78c5e09":"/Dokumente/All Invoices"},"type":"OpenApiConnection","inputs":{"parameters":{"id":"EA56F7E574628591!s71fe5bac43214f28a21751bfc78c5e09"},"host":{"apiId":"/providers/Microsoft.PowerApps/apis/shared_onedrive","connectionName":"shared_onedrive","operationId":"ListFolderV2"},"authentication":{"value":"@json(decodeBase64(triggerOutputs().headers['X-MS-APIM-Tokens']))['$ConnectionKey']","type":"Raw"}}},"Apply_to_each":{"foreach":"@outputs('List_files_in_folder')?['body/value']","actions":{"Extract_information_from_documents":{"runAfter":{"Get_file_content_using_path":["Succeeded"]},"metadata":{"flowSystemMetadata":{"portalOperationId":"aibuilderpredict_formsprocessing","portalOperationGroup":"aibuilder","portalOperationApiDisplayNameOverride":"AI Builder","portalOperationIconOverride":"https://content.powerapps.com/resource/makerx/static/pauto/images/designeroperations/aiBuilderNew.51dbdb6b.png","portalOperationBrandColorOverride":"#0A76C4","portalOperationApiTierOverride":"Standard"}},"type":"OpenApiConnection","inputs":{"parameters":{"recordId":"4874916d-4e99-4d3b-aa1e-f64868507d7a","item/requestv2/mimeType":"application/pdf","item/requestv2/base64Encoded":"@body('Get_file_content_using_path')"},"host":{"apiId":"/providers/Microsoft.PowerApps/apis/shared_commondataserviceforapps","connectionName":"shared_commondataserviceforapps","operationId":"aibuilderpredict_formsprocessing"},"authentication":"@parameters('$authentication')"}},"List_folder":{"runAfter":{"Extract_information_from_documents":["Succeeded"]},"metadata":{"%252fFreigegebene%2bDokumente%252fCountries":"/Freigegebene Dokumente/Countries"},"type":"OpenApiConnection","inputs":{"parameters":{"dataset":"https://digitaltask832.sharepoint.com/sites/ServiceDesk","id":"%252fFreigegebene%2bDokumente%252fCountries"},"host":{"apiId":"/providers/Microsoft.PowerApps/apis/shared_sharepointonline","connectionName":"shared_sharepointonline","operationId":"ListFolder"},"authentication":{"value":"@json(decodeBase64(triggerOutputs().headers['X-MS-APIM-Tokens']))['$ConnectionKey']","type":"Raw"}}},"For_each_Folder":{"foreach":"@body('List_folder')","actions":{"Condition_1":{"actions":{},"runAfter":{"Compose_-_Subfolder_Path":["Succeeded"]},"else":{"actions":{"Create_new_folder":{"type":"OpenApiConnection","inputs":{"parameters":{"dataset":"https://digitaltask832.sharepoint.com/sites/ServiceDesk","table":"8c19aa70-1323-480a-89a7-04195d7f0de5","parameters/path":"@outputs('Compose_-_Subfolder_Path')"},"host":{"apiId":"/providers/Microsoft.PowerApps/apis/shared_sharepointonline","connectionName":"shared_sharepointonline","operationId":"CreateNewFolder"},"authentication":{"value":"@json(decodeBase64(triggerOutputs().headers['X-MS-APIM-Tokens']))['$ConnectionKey']","type":"Raw"}},"description":"Ordner erstellen für Subfolder - Soud africa erstellen"}}},"expression":{"and":[{"contains":["@outputs('Compose_-_Parent_Folder_Path')","@outputs('Compose_-_SubFolder_Name')?['value']"]}]},"type":"If","description":"ob SubFolder Path enthält SubFolder Name - ob Soud africa Ordner existiert"},"Compose_-_SubFolder_Name":{"runAfter":{"Compose_-_Parent_Folder_Path":["Succeeded"]},"type":"Compose","inputs":"@outputs('Extract_information_from_documents')?['body/responsev2/predictionOutput/labels/Customer93f775a35562f821f9be54a2d76757f9']","description":"Soud Africa"},"Compose_-_Subfolder_Path":{"runAfter":{"Compose_-_SubFolder_Name":["Succeeded"]},"type":"Compose","inputs":"@concat(\r\n  '/Countries/',\r\n  trim(\r\n    replace(\r\n      decodeUriComponent(uriComponent(outputs('Compose_-_SubFolder_Name')?['value'])),\r\n      '\\n',\r\n      ''\r\n    )\r\n  )\r\n)\r\n","description":"Dokumente/Countries/Sound Africa"},"Condition":{"actions":{"Create_file_PDF":{"type":"OpenApiConnection","inputs":{"parameters":{"dataset":"https://digitaltask832.sharepoint.com/sites/ServiceDesk","folderPath":"/Freigegebene Dokumente@{outputs('Compose_-_Subfolder_Path')}","name":"@outputs('Compose_-_File_Name')","body":"@body('Get_file_content_using_path')"},"host":{"apiId":"/providers/Microsoft.PowerApps/apis/shared_sharepointonline","connectionName":"shared_sharepointonline","operationId":"CreateFile"},"authentication":{"value":"@json(decodeBase64(triggerOutputs().headers['X-MS-APIM-Tokens']))['$ConnectionKey']","type":"Raw"}},"runtimeConfiguration":{"contentTransfer":{"transferMode":"Chunked"}}}},"runAfter":{"Get_files":["Succeeded"]},"else":{"actions":{"For_Each_File":{"foreach":"@outputs('Get_files')?['body/value']","actions":{"Condition_2":{"actions":{"Compose_-_Datei_existiert":{"type":"Compose","inputs":"@{outputs('Compose_-_Concat_File_Path_with_File_Name')} existiert@{outputs('Compose_-_File_Name')}"}},"runAfter":{"Compose_-_Concat_File_Path_with_File_Name":["Succeeded"]},"else":{"actions":{"Create_file":{"type":"OpenApiConnection","inputs":{"parameters":{"dataset":"https://digitaltask832.sharepoint.com/sites/ServiceDesk","folderPath":"/Freigegebene Dokumente@{outputs('Compose_-_Subfolder_Path')}","name":"@outputs('Compose_-_File_Name')","body":"@body('Get_file_content_using_path')"},"host":{"apiId":"/providers/Microsoft.PowerApps/apis/shared_sharepointonline","connectionName":"shared_sharepointonline","operationId":"CreateFile"},"authentication":{"value":"@json(decodeBase64(triggerOutputs().headers['X-MS-APIM-Tokens']))['$ConnectionKey']","type":"Raw"}},"runtimeConfiguration":{"contentTransfer":{"transferMode":"Chunked"}}}}},"expression":{"and":[{"contains":["@outputs('Compose_-_Concat_File_Path_with_File_Name')","@outputs('Compose_-_File_Name')"]}]},"type":"If"},"Compose_-_Concat_File_Path_with_File_Name":{"type":"Compose","inputs":"@concat(outputs('Compose_-_Subfolder_Path'), '/', outputs('Compose_-_File_Name'))\r\n","description":"Dokumente/Countries/Sound Africa + Cus1_INV23"}},"type":"Foreach"}}},"expression":{"and":[{"equals":["@length(coalesce(body('Get_files')?['value'], array()))",0]}]},"type":"If","description":"prüft ob Liste leer ist"},"Compose_-_Parent_Folder_Path":{"type":"Compose","inputs":"@item()?['Path']","description":"Beipiel: Dokumente/countries/"},"Compose_-_File_Name":{"runAfter":{"Condition_1":["Succeeded"]},"type":"Compose","inputs":"@items('Apply_to_each')?['Name']","description":"CUS1_INV23"},"Get_files":{"runAfter":{"Compose_-_File_Name":["Succeeded"]},"type":"OpenApiConnection","inputs":{"parameters":{"dataset":"https://digitaltask832.sharepoint.com/sites/ServiceDesk","table":"8c19aa70-1323-480a-89a7-04195d7f0de5","folderPath":"@outputs('Compose_-_Subfolder_Path')"},"host":{"apiId":"/providers/Microsoft.PowerApps/apis/shared_sharepointonline","connectionName":"shared_sharepointonline","operationId":"GetFileItems"},"authentication":{"value":"@json(decodeBase64(triggerOutputs().headers['X-MS-APIM-Tokens']))['$ConnectionKey']","type":"Raw"}},"description":"listet PDFs wenn die existieren\nmit Name : Dateiname.pdf    ->    CUS1INV23\nund Path : Freigegebene Dokumente/Ordnername/Dateiname.pdf"}},"runAfter":{"List_folder":["Succeeded"]},"type":"Foreach"},"Get_file_content_using_path":{"type":"OpenApiConnection","inputs":{"parameters":{"path":"@item()?['Path']","inferContentType":true},"host":{"apiId":"/providers/Microsoft.PowerApps/apis/shared_onedrive","connectionName":"shared_onedrive","operationId":"GetFileContentByPath"},"authentication":{"value":"@json(decodeBase64(triggerOutputs().headers['X-MS-APIM-Tokens']))['$ConnectionKey']","type":"Raw"}}}},"runAfter":{"List_files_in_folder":["Succeeded"]},"type":"Foreach"}}},"connectionReferences":{"shared_onedrive":{"connectionName":"shared-onedrive-0edd7cd9-95b6-42a5-82b3-350c322fc6f1","source":"Invoker","id":"/providers/Microsoft.PowerApps/apis/shared_onedrive","tier":"NotSpecified","apiName":"onedrive"},"shared_commondataserviceforapps":{"connectionName":"shared-commondataser-54aeabc3-9253-4c2c-8ea5-d07897132c31","source":"Embedded","id":"/providers/Microsoft.PowerApps/apis/shared_commondataserviceforapps","tier":"NotSpecified","apiName":"commondataserviceforapps"},"shared_sharepointonline":{"connectionName":"shared-sharepointonl-854fbae8-7a1a-4e73-98ee-7a394d84759c","source":"Invoker","id":"/providers/Microsoft.PowerApps/apis/shared_sharepointonline","tier":"NotSpecified","apiName":"sharepointonline"}},"flowFailureAlertSubscribed":false,"isManaged":false}}