{"schemaVersion":"1.0","appDefinitionTemplate":{"id":"/providers/Microsoft.PowerApps/apps/","type":"Microsoft.PowerApps/apps","tags":{"primaryDeviceWidth":"1366","primaryDeviceHeight":"1500","supportsPortrait":"true","supportsLandscape":"true","primaryFormFactor":"Tablet","showStatusBar":"false","publisherVersion":"3.25024.7","minimumRequiredApiVersion":"2.2.0","hasComponent":"false","hasUnlockedComponent":"false","isUnifiedRootApp":"false","sienaVersion":"20250310T164534Z-3.25024.7.0"},"properties":{"appVersion":"2025-03-10T16:45:34Z","lifeCycleId":"Published","createdByClientVersion":{"major":3,"minor":25024,"build":7,"revision":0,"majorRevision":0,"minorRevision":0},"minClientVersion":{"major":3,"minor":25024,"build":7,"revision":0,"majorRevision":0,"minorRevision":0},"backgroundColor":"RGBA(0,176,240,1)","backgroundImageUri":"/12411494443949616873/N6be37467-0803-43a0-ae31-753b079d014e-logoSmallFile","displayName":"Invoice","description":"","commitMessage":"","appUris":{"documentUri":{"value":"/12411494443949616873/Nb5877254-53e1-4695-b409-340c712a8a6a-document.msapp"},"imageUris":[],"additionalUris":[{"isSolutionAware":false,"value":"/12411494443949616873/Na8786fa5-eaf4-4b4a-bee5-dd50ddd5b42d-identity.json"}]},"createdTime":"0001-01-01T00:00:00Z","lastModifiedTime":"0001-01-01T00:00:00Z","sharedGroupsCount":0,"sharedUsersCount":0,"connectionReferences":{"a1d27725-4004-48ed-ba05-bc48c81c84d0":{"id":"1aeb6ccb-7640-42e0-8128-ad5c441668f9","displayName":"SharePoint","iconUri":"https://conn-afd-prod-endpoint-bmc9bqahasf3grgk.b01.azurefd.net/releases/v1.0.1738/1.0.1738.4131/sharepointonline/icon.png","dataSources":["Invoice System Demo","Invoice System Demo_1","Invoice System Domo Tasks"],"dependencies":[],"dependents":[],"parameterHints":{},"parameterHintsV2":{},"isOnPremiseConnection":false,"bypassConsent":false,"dataSets":{"https://digitaltask832.sharepoint.com/sites/ServiceDesk":{"dataSources":{"Invoice System Demo":{"tableName":"fd985662-b026-4bcb-8e41-4997dd5406ef"},"Invoice System Demo_1":{"tableName":"fd985662-b026-4bcb-8e41-4997dd5406ef"},"Invoice System Domo Tasks":{"tableName":"498bdbbc-8684-4449-98ee-46634e6ce145"}}}},"apiTier":"Standard","isCustomApiConnection":false,"actions":["providers/PowerPlatform.Governance/Operations/Read","providers/PowerPlatform.Governance/Operations/Write"]}},"databaseReferences":{},"almMode":"Environment","performanceOptimizationEnabled":true,"canConsumeAppPass":false,"enableModernRuntimeMode":false,"executionRestrictions":{"isTeamsOnly":false,"dataLossPreventionEvaluationResult":{"status":"Compliant","lastEvaluationDate":"2025-03-08T15:40:20.8372929Z","violations":[],"violationsByPolicy":[],"violationErrorMessage":"Die App verwendet die folgenden Connectors: shared_sharepointonline."}}},"isAppComponentLibrary":false,"appType":"ClassicCanvasApp","appComponents":[]}}